-- MySQL dump 10.13  Distrib 5.6.17, for Win64 (x86_64)
--
-- Host: 127.0.0.1    Database: sistemasaude3a
-- ------------------------------------------------------
-- Server version	5.6.16

/*!40101 SET @OLD_CHARACTER_SET_CLIENT=@@CHARACTER_SET_CLIENT */;
/*!40101 SET @OLD_CHARACTER_SET_RESULTS=@@CHARACTER_SET_RESULTS */;
/*!40101 SET @OLD_COLLATION_CONNECTION=@@COLLATION_CONNECTION */;
/*!40101 SET NAMES utf8 */;
/*!40103 SET @OLD_TIME_ZONE=@@TIME_ZONE */;
/*!40103 SET TIME_ZONE='+00:00' */;
/*!40014 SET @OLD_UNIQUE_CHECKS=@@UNIQUE_CHECKS, UNIQUE_CHECKS=0 */;
/*!40014 SET @OLD_FOREIGN_KEY_CHECKS=@@FOREIGN_KEY_CHECKS, FOREIGN_KEY_CHECKS=0 */;
/*!40101 SET @OLD_SQL_MODE=@@SQL_MODE, SQL_MODE='NO_AUTO_VALUE_ON_ZERO' */;
/*!40111 SET @OLD_SQL_NOTES=@@SQL_NOTES, SQL_NOTES=0 */;

--
-- Table structure for table `assunto`
--

DROP TABLE IF EXISTS `assunto`;
/*!40101 SET @saved_cs_client     = @@character_set_client */;
/*!40101 SET character_set_client = utf8 */;
CREATE TABLE `assunto` (
  `idassunto` int(11) NOT NULL AUTO_INCREMENT,
  `titulo` varchar(100) NOT NULL,
  `descricao` longtext NOT NULL,
  PRIMARY KEY (`idassunto`)
) ENGINE=InnoDB DEFAULT CHARSET=utf8;
/*!40101 SET character_set_client = @saved_cs_client */;

--
-- Dumping data for table `assunto`
--

LOCK TABLES `assunto` WRITE;
/*!40000 ALTER TABLE `assunto` DISABLE KEYS */;
/*!40000 ALTER TABLE `assunto` ENABLE KEYS */;
UNLOCK TABLES;

--
-- Table structure for table `comentario`
--

DROP TABLE IF EXISTS `comentario`;
/*!40101 SET @saved_cs_client     = @@character_set_client */;
/*!40101 SET character_set_client = utf8 */;
CREATE TABLE `comentario` (
  `idcomentario` int(11) NOT NULL AUTO_INCREMENT,
  `titulo` varchar(100) NOT NULL,
  `descricao` longtext NOT NULL,
  `nota` int(11) NOT NULL,
  `nome` varchar(200) DEFAULT NULL,
  `email` varchar(100) DEFAULT NULL,
  `data` date DEFAULT NULL,
  `hora` time DEFAULT NULL,
  `ASSUNTO_idassunto` int(11) NOT NULL,
  `UBS_idUBS` int(11) NOT NULL,
  PRIMARY KEY (`idcomentario`),
  KEY `fk_COMENTARIO_ASSUNTO1_idx` (`ASSUNTO_idassunto`),
  KEY `fk_COMENTARIO_UBS1_idx` (`UBS_idUBS`),
  CONSTRAINT `fk_COMENTARIO_ASSUNTO1` FOREIGN KEY (`ASSUNTO_idassunto`) REFERENCES `assunto` (`idassunto`) ON DELETE NO ACTION ON UPDATE NO ACTION,
  CONSTRAINT `fk_COMENTARIO_UBS1` FOREIGN KEY (`UBS_idUBS`) REFERENCES `ubs` (`idUBS`) ON DELETE NO ACTION ON UPDATE NO ACTION
) ENGINE=InnoDB DEFAULT CHARSET=utf8;
/*!40101 SET character_set_client = @saved_cs_client */;

--
-- Dumping data for table `comentario`
--

LOCK TABLES `comentario` WRITE;
/*!40000 ALTER TABLE `comentario` DISABLE KEYS */;
/*!40000 ALTER TABLE `comentario` ENABLE KEYS */;
UNLOCK TABLES;

--
-- Table structure for table `especialidades`
--

DROP TABLE IF EXISTS `especialidades`;
/*!40101 SET @saved_cs_client     = @@character_set_client */;
/*!40101 SET character_set_client = utf8 */;
CREATE TABLE `especialidades` (
  `idESPECIALIDADES` int(11) NOT NULL AUTO_INCREMENT,
  `nome` varchar(200) NOT NULL,
  PRIMARY KEY (`idESPECIALIDADES`)
) ENGINE=InnoDB AUTO_INCREMENT=24 DEFAULT CHARSET=utf8;
/*!40101 SET character_set_client = @saved_cs_client */;

--
-- Dumping data for table `especialidades`
--

LOCK TABLES `especialidades` WRITE;
/*!40000 ALTER TABLE `especialidades` DISABLE KEYS */;
INSERT INTO `especialidades` VALUES (1,'PEDIATRIA'),(2,'ODONTOLOGIA'),(3,'GINECOLOGIA'),(4,'CLÍNICA MÉDICA'),(5,'MÉDICO DO TRABALHO'),(6,'PSICOLOGIA'),(7,'DERMATOLOGIA'),(8,'CLINICA PEDIATRICA E CLINICA GINECOLOGICA'),(9,'CLINICA PEDIATRICA'),(10,'CLINICA GINECOLOGICA'),(11,'COLPOSCOPIA'),(12,'NUTRICIONISTA'),(13,'ODONTOLOGIA CLÍNICA'),(14,'ODONTOPEDIATRIA'),(15,'HEBIATRIA'),(16,'FISIOTERAPIA'),(17,'FONOAUDIOLOGIA'),(18,'ACUPUNTURA'),(19,'OBSTETRÍCIA'),(20,'ENDOCRINOLOGIA'),(21,'GERIATRIA'),(22,'REUMATOLOGIA'),(23,'CARDIOLOGIA');
/*!40000 ALTER TABLE `especialidades` ENABLE KEYS */;
UNLOCK TABLES;

--
-- Table structure for table `ubs`
--

DROP TABLE IF EXISTS `ubs`;
/*!40101 SET @saved_cs_client     = @@character_set_client */;
/*!40101 SET character_set_client = utf8 */;
CREATE TABLE `ubs` (
  `idUBS` int(11) NOT NULL AUTO_INCREMENT,
  `rpa` int(11) NOT NULL,
  `micro_regiao` int(11) NOT NULL,
  `cnes` int(11) NOT NULL,
  `unidade` text NOT NULL,
  `endereco` mediumtext NOT NULL,
  `bairro` varchar(100) NOT NULL,
  `fone` varchar(9) NOT NULL,
  `latitude` double NOT NULL,
  `longitude` double NOT NULL,
  PRIMARY KEY (`idUBS`)
) ENGINE=InnoDB AUTO_INCREMENT=23 DEFAULT CHARSET=utf8;
/*!40101 SET character_set_client = @saved_cs_client */;

--
-- Dumping data for table `ubs`
--

LOCK TABLES `ubs` WRITE;
/*!40000 ALTER TABLE `ubs` DISABLE KEYS */;
INSERT INTO `ubs` VALUES (1,1,1,2143,'US 123 CS PROFESSOR CESAR MONTEZUMA','AV CAIS DO APOLO, 925/ 1o ANDAR - BAIRRO DO RECIFE','BAIRRO DO RECIFE','3355-4420',-8.054086729,-34.87234867),(2,2,3,825,'US 155 CS PROFESSOR MONTEIRO DE MORAIS','AV BEBERIBE, 4510 - BEBERIBE','BEBERIBE','3355-6848',-8.004098911,-34.89691814),(3,3,1,1759,'US 103 CS PROFESSOR MARIO RAMOS','RUA OSCAR DE BARROS, S/No - CASA AMARELA','CASA AMARELA','3355-4434',-8.022882817,-34.91618245),(4,3,1,1163,'US 109 CS FRANCISCO PIGNATARI','ESTRADA DO ARRAIAL, S/No - CASA AMARELA','CASA AMARELA','3355-4400',-8.027559011,-34.91869407),(5,3,1,2011,'US 171 CS JOAQUIM COSTA CARVALHO / ALTO DO MANDU','RUA SIRIGI, S/No - ALTO DO MANDU','ALTO DO MANDU','3355-4412',-8.024348245,-34.92848594),(6,3,2,1236,'US 152 CS INA ROSA BORGES','RUA SENADOR MILTON CAMPOS, S/No  - VASCO DA GAMA','VASCO DA GAMA','3355-4408',-8.01629783,-34.92109977),(7,3,3,1317,'US 120 CS MARIO MONTEIRO MELO','RUA NOVA DESCOBERTA, 99  - NOVA DESCOBERTA','NOVA DESCOBERTA','3355-4385',-8.018975167,-34.92632866),(8,3,3,1058,'US 121 CS PROFESSOR BRUNO MAIA','ALTO DO REFUGIO, S/N - NOVA DESCOBERTA','NOVA DESCOBERTA','3355-4416',-8.000945036,-34.92445082),(9,4,1,1813,'US 112 CS DR JOSE DUSTAN CARVALHO SOARES','RUA MAURICIO DE NASSAU S/N CAIARA  - IPUTINGA','IPUTINGA','3355-4139',-8.038626508,-34.93101098),(10,4,2,639,'US 106 CS PROFESSOR JOAQUIM CAVALCANTE','AV DO FORTE, 1350 - TORROES','TORROES','3355-4425',-8.059006365,-34.93181124),(11,4,3,817,'US 149 CS PROFESSOR OLINTO DE OLIVEIRA','RUA FRANCISCO DE PAULA, 47 - VARZEA','VARZEA','3355-6443',-8.03069298,-34.95576363),(12,5,1,760,'US 161 CS PROFESSOR ROMERO MARQUES (IPIRANGA)','RUA CARLOS GOMES, 932 - BONGI','BONGI','3355-4441',-8.063814123,-34.91370481),(13,5,3,1414,'US 117 CS GASPAR REGUEIRA COSTA / BARRO','RUA PADRE DIOGO RODRIGUES, 144 - BARRO','BARRO','3355-4404',-8.08983613,-34.94220911),(14,5,4,868,'US 142 CS BIDU KRAUSE','AV ONZE DE AGOSTO, S/No - TOTO','TOTO','3355-0301',-8.07950259,-34.97027277),(15,5,4,841,'US 150 CS FERNANDES FIGUEIRA','PRACA JARDIM SAO PAULO, S/No  - JARDIM SAO PAULO','JARDIM SAO PAULO','3355-4396',-8.082092521,-34.9388242),(16,5,4,1368,'US 158 CS PAM CEASA','BR 101 GIRADOR DO CURADO, 11606 - JARDIM SAO PAULO','JARDIM SAO PAULO','3355-0090',-8.072489579,-34.94340487),(17,6,1,752,'US 119 CS PROFESSOR JOSE CARNEIRO LEAO','RUA NOGUEIRA DE SOUZA, 334  - PINA','PINA','3355-4428',-8.087387284,-34.88978337),(18,6,1,1090,'US 126 CS VEREADOR ROMILDO GOMES','RUA JALISCO, S/N  - IMBIRIBEIRA','IMBIRIBEIRA','3355-4448',-8.116677633,-34.91100333),(19,6,1,833,'US 137 CS DR DJAIR BRINDEIRO','RUA COSMORAMA, S/No  - BOA VIAGEM','BOA VIAGEM','3355-0119',-8.148218836,-34.91367723),(20,6,1,1392,'US 148 CS DOM MIGUEL DE LIMA VALVERDE','RUA NILO DORNELLAS CAMARA, 117  - BOA VIAGEM','BOA VIAGEM','3355-0160',-8.133421089,-34.90465997),(21,6,2,1198,'US 113 CS DR ARISTARCO DOURADO DE AZEVEDO','RUA BAHIA, 29  - JORDAO','JORDAO','3355-4380',-8.131577726,-34.93700993),(22,6,3,1082,'US 104 CS SEBASTIAO IVO RABELO','AV CAMPINA GRANDE, S/No., UR 1- COHAB','COHAB','3355-4445',-8.119632056,-34.94788159);
/*!40000 ALTER TABLE `ubs` ENABLE KEYS */;
UNLOCK TABLES;

--
-- Table structure for table `ubs_has_especialidades`
--

DROP TABLE IF EXISTS `ubs_has_especialidades`;
/*!40101 SET @saved_cs_client     = @@character_set_client */;
/*!40101 SET character_set_client = utf8 */;
CREATE TABLE `ubs_has_especialidades` (
  `UBS_idUBS` int(11) NOT NULL,
  `ESPECIALIDADES_idESPECIALIDADES` int(11) NOT NULL,
  PRIMARY KEY (`UBS_idUBS`,`ESPECIALIDADES_idESPECIALIDADES`),
  KEY `fk_UBS_has_ESPECIALIDADES_ESPECIALIDADES1_idx` (`ESPECIALIDADES_idESPECIALIDADES`),
  KEY `fk_UBS_has_ESPECIALIDADES_UBS_idx` (`UBS_idUBS`),
  CONSTRAINT `fk_UBS_has_ESPECIALIDADES_ESPECIALIDADES1` FOREIGN KEY (`ESPECIALIDADES_idESPECIALIDADES`) REFERENCES `especialidades` (`idESPECIALIDADES`) ON DELETE NO ACTION ON UPDATE NO ACTION,
  CONSTRAINT `fk_UBS_has_ESPECIALIDADES_UBS` FOREIGN KEY (`UBS_idUBS`) REFERENCES `ubs` (`idUBS`) ON DELETE NO ACTION ON UPDATE NO ACTION
) ENGINE=InnoDB DEFAULT CHARSET=utf8;
/*!40101 SET character_set_client = @saved_cs_client */;

--
-- Dumping data for table `ubs_has_especialidades`
--

LOCK TABLES `ubs_has_especialidades` WRITE;
/*!40000 ALTER TABLE `ubs_has_especialidades` DISABLE KEYS */;
INSERT INTO `ubs_has_especialidades` VALUES (1,1),(2,1),(3,1),(4,1),(5,1),(6,1),(7,1),(8,1),(13,1),(14,1),(15,1),(16,1),(17,1),(18,1),(19,1),(20,1),(21,1),(22,1),(1,2),(2,2),(3,2),(6,2),(7,2),(8,2),(13,2),(14,2),(16,2),(19,2),(22,2),(2,3),(3,3),(4,3),(5,3),(6,3),(7,3),(8,3),(12,3),(14,3),(15,3),(16,3),(17,3),(18,3),(19,3),(20,3),(21,3),(22,3),(2,4),(3,4),(6,4),(7,4),(8,4),(12,4),(13,4),(15,4),(16,4),(19,4),(22,4),(3,5),(3,6),(6,7),(22,7),(9,8),(10,9),(11,9),(10,10),(11,10),(12,11),(15,11),(12,12),(15,12),(12,13),(15,13),(12,14),(12,15),(14,16),(22,16),(14,17),(14,18),(16,19),(19,20),(19,21),(22,22),(22,23);
/*!40000 ALTER TABLE `ubs_has_especialidades` ENABLE KEYS */;
UNLOCK TABLES;
/*!40103 SET TIME_ZONE=@OLD_TIME_ZONE */;

/*!40101 SET SQL_MODE=@OLD_SQL_MODE */;
/*!40014 SET FOREIGN_KEY_CHECKS=@OLD_FOREIGN_KEY_CHECKS */;
/*!40014 SET UNIQUE_CHECKS=@OLD_UNIQUE_CHECKS */;
/*!40101 SET CHARACTER_SET_CLIENT=@OLD_CHARACTER_SET_CLIENT */;
/*!40101 SET CHARACTER_SET_RESULTS=@OLD_CHARACTER_SET_RESULTS */;
/*!40101 SET COLLATION_CONNECTION=@OLD_COLLATION_CONNECTION */;
/*!40111 SET SQL_NOTES=@OLD_SQL_NOTES */;

-- Dump completed on 2015-11-23 21:09:13
